{
  "project_info": {
    "project_number": "240430928578",
    "firebase_url": "https://ponty-staging.firebaseio.com",
    "project_id": "ponty-staging",
    "storage_bucket": "ponty-staging.appspot.com"
  },
  "client": [
    {
      "client_info": {
        "mobilesdk_app_id": "1:240430928578:android:a48db26d41c6150a",
        "android_client_info": {
          "package_name": "com.pontyservices.mobile"
        }
      },
      "oauth_client": [
        {
          "client_id": "240430928578-ejal9qst4brkotla2k4rse3j7ngq0ee2.apps.googleusercontent.com",
          "client_type": 1,
          "android_info": {
            "package_name": "com.pontyservices.mobile",
            "certificate_hash": "a9314f5d95c0cdb138d02245d4da3fe534ad6f5b"
          }
        },
        {
          "client_id": "240430928578-ldm1bj7cfsqq6aodd7c179096qgmmalb.apps.googleusercontent.com",
          "client_type": 1,
          "android_info": {
            "package_name": "com.pontyservices.mobile",
            "certificate_hash": "7026d591bc2629f6e4649e95559fa72218dc34ce"
          }
        },
        {
          "client_id": "240430928578-kr317anlpurq1r4mfgva1fp0m98mv2jg.apps.googleusercontent.com",
          "client_type": 1,
          "android_info": {
            "package_name": "com.pontyservices.mobile",
            "certificate_hash": "930a787010d58fde633b56eaeb5eb4f075765d87"
          }
        },
        {
          "client_id": "240430928578-e7m6i27ipjrdd5kdh2mogku94i942qdf.apps.googleusercontent.com",
          "client_type": 3
        }
      ],
      "api_key": [
        {
          "current_key": "AIzaSyB41WrwV5-0qoAXa6p-lO1wSvn8dCqr4AU"
        }
      ],
      "services": {
        "analytics_service": {
          "status": 1
        },
        "appinvite_service": {
          "status": 2,
          "other_platform_oauth_client": [
            {
              "client_id": "240430928578-e7m6i27ipjrdd5kdh2mogku94i942qdf.apps.googleusercontent.com",
              "client_type": 3
            }
          ]
        },
        "ads_service": {
          "status": 2
        }
      }
    }
  ],
  "configuration_version": "1"
}