<!--
Copyright (C) 2017 Andras Sarvari <andras.sarvari@sarvaria.net>

Permission to use, copy, modify, and/or distribute this software for any
purpose with or without fee is hereby granted, provided that the above
copyright notice and this permission notice appear in all copies.

THE SOFTWARE IS PROVIDED "AS IS" AND THE AUTHOR DISCLAIMS ALL WARRANTIES
WITH REGARD TO THIS SOFTWARE INCLUDING ALL IMPLIED WARRANTIES OF
MERCHANTABILITY AND FITNESS. IN NO EVENT SHALL THE AUTHOR BE LIABLE FOR
ANY SPECIAL, DIRECT, INDIRECT, OR CONSEQUENTIAL DAMAGES OR ANY DAMAGES
WHATSOEVER RESULTING FROM LOSS OF USE, DATA OR PROFITS, WHETHER IN AN
ACTION OF CONTRACT, NEGLIGENCE OR OTHER TORTIOUS ACTION, ARISING OUT OF
OR IN CONNECTION WITH THE USE OR PERFORMANCE OF THIS SOFTWARE.
-->

<Page   xmlns="http://schemas.nativescript.org/tns.xsd"
        xmlns:actionbar="view/actionbar"
        xmlns:controlbar="view/controlbar"
        xmlns:mapscreen="view/screen/map"
        xmlns:notificationscreen="view/screen/notification"
        xmlns:searchscreen="view/screen/search"
        xmlns:filterscreen="view/screen/filter"
        xmlns:providerinfoscreen="view/screen/providerinfo"
        xmlns:favoritesscreen="view/screen/favorites"
        xmlns:providerscreen="view/screen/provider"
        xmlns:settingsscreen="view/screen/settings"
        actionBarHidden="true"
        loaded="onLoaded"
        unloaded="onUnloaded">

    <DockLayout>

        <!-- Actionbar -->

        <actionbar:actionbar id="actionbar" dock="top" />

        <!-- Controlbar -->

        <controlbar:controlbar id="controlbar" dock="bottom" />
        
        <!-- Screens -->

        <mapscreen:map id="map_screen" visibility="collapse" />
        <notificationscreen:notification id="notification_screen" visibility="collapse" />
        <searchscreen:search id="search_screen" visibility="collapse" />
        <filterscreen:filter id="filter_screen" visibility="collapse" />
        <providerinfoscreen:providerinfo id="providerinfo_screen" visibility="collapse" />
        <favoritesscreen:favorites id="favorites_screen" visibility="collapse" />
        <providerscreen:provider id="provider_screen" visibility="collapse" />
        <settingsscreen:settings id="settings_screen" visibility="collapse" />
    </DockLayout>
</Page>
